"144ARPtSXqXR7XFfnnkXnaeumsRWcQ7NiY",
        "16WoKG2kmG8wymEVbhr1qc78ZsPXvFCDRB",
        "1BQF7FCWF84rzdCarougmBbaGD791hVqEq",
        "1CpvWVoQZH54HRAj6Zh1eK1q99vYYDAvVR",
        "13CHw53urg9Mz38KFeS5DFRYpQxPp1f9xq",
        "1P4zPUqi6YSbV5qis5aVv75ArJvgTKj9ru",
        "14aRo1qCzrCcxXN5iAWSVHHdJxzYC9aN4b",
        "1333SXWeGio5EH9HDMvoj2i56kXjiBnU5A",
        "1DcYz8pvzViyaAWvrJPnH6RtgyBdK8ieUy",
        "1FYMShnEd7kxzgE1KkTPTFY4NLQyo4AYNz",
        "1L7KrR6SrszchvfyRMBVW3BPx1XtV3brXf",
        "1BgCsYewS3B35onSUNMoSu2QwRrZRYJzbd",
        "1712nnZ5GCYigZvUAUkvtyqc2Bfe1J3vkh",
        "14XTi2TEgYMmPj5iJYkxMN9XtxVHRuFi72",
        "1BqSKX4SCcfe3L817PU5fpmV8MUx5fCKwG",
        "1nVEK9hDsegoxd1eh5AjHa6kZ3z1QbH7g",
        "15McuxtSAEyeDUYseCyBZyYVLtKH4vJLS4",
        "1CtZh3KGGEn25WtgXoqhqp6yHk88BY32Vz",
        "1Pymuc1koabLDMfmnWR5yFc4wu5sZsMHX1",
        "1F4BFkGgJkaB9njLuCSFNRhWKT1LXhDqqz",
        "16XQsiCw32BdFircUHFiyhvuYvfwNUCVnS",
        "1D3xnAdfdJLEkGGQhMqY8VVND9SkRgMjXf",
        "1M4zmLEauzqcsDG2KFYXAN9zpByJ6saxwu",
        "1CHbzsDiStrUJHErLWfvCD7nm5ngnEfkzm",
        "18u3wLN991ghbWjPbncyxJ3aeZErVwrBNy",
        "1FUJamrqKZwivoxrWbvHNd8ZxPxs51X8xq",
        "1CGyJ6JoSMkdhuwxmytzbY3TM8DWfRR6tP",
        "1F2UxmGmJqZxUqLo152qi53gPFMs9fhPBE",
        "1MPqGKN8CEYZCHJM8ynLxSsNRQDL659xm3",
        "178oZYhEZjGdvZ431gcWqyXVZ2eEo7fKGF",
        "1A3JZK28Pa8LfNYkBegLRaZ62g4gMcDYzh",
        "1ENGjwHsQKBb1QYviNVfbzDcKyeNvicyss",
        "1DVW4WTacGEAzQydjUFgmLEVYnCrbcyQ9t",
        "14aVTpHAVQ3mDaFLFcGbtGxFQHXMgpEFzJ",
        "17hTZYs5hDucBiTTwANqQEMtD3HhiNRwS6",
        "1AKyUgGD3QMTS6YGNt3ytf7xqZTS4ffUrF",
        "1LHeHhgstmcKz2TtqxYaMcTRh85DZS4Xzb",
        "1M8MwaJNTFuBf5BkshKVVoSaUpxE3uafeP",
        "1LKvLhQFBJRZDdTApnNS3nKpKDJC2rERAd",
        "13eiKtZiUDB4CKHzbRghSKm9K4SNcSGr7H",
        "1NT1NtkVYgXZHmCxz2fSQpJJ1RXnjwczrh",
        "1Ak4cD97HshRWYVGs7xC3jmGdakXVFxYz6",
        "18cGtQioJvd2mk5wLwKGVs3P2SuqESFG2e",
        "1DgffoddAb9puTtHsXLyUwB4oPds9SqCMZ",
        "1DPTfNkLDQzEXpZPcFHQbvHe7qPvNNg4Fj",
        "1DZRDZCyTwdbc7wW9DFN3VsHptcabYrDqq",
        "18BxgBMYdNfC43GFY4V49CM2PGCHNFrLBb",
        "1AR8pVGRa3iFKQDxXaJGvSJTLgn9F1Af2Q",
        "1CB7P42kDv54CtZy5Lw4kRPv9ThXz21GCM",
        "1A6qnTbnXP82n43AHsQZ3S2Pqh7wqv4wR6",
        "1DKTHsB4K2NDY1HUYRSDzpjaR9g7MPRdWt",
        "1GjJxrZmBstR8e8ALq7UswdQ1WA632uePc",
        "12Zr24J3sCxk5x4osJyBz2gHrkdb98EWey",
        "15miuKdZ8dYhFs3vFEGYiRSRdGRvcnt8GR",
        "1Aqh4thKYZn8RJxzQV5uhyYgzzeuciA364",
        "1FeDQbCsvgP3wL31gGU71MwsQowwgBVQRB",
        "1JFTtYStw4j5vqf6J65VJaGpgKd8zL5qY8",
        "1AQ4NYhBzfXeR8kSVD4Bpiugw6qfeZgBM1",
        "12ypKrYsd8ZZtdFkbU6NycfiNNcK1MFcmw",
        "1Do9dYzvEhivCpAGazPFZhSsWow6DJdv3Q",
        "1928rvKtXSsePRYq3odXiiSmhpZBDDENQE",
        "12nnyLgXKDSPgDbWXUFEPJF7UfwMHXXtQQ",
        "16BahqapBRUBYrpEyJv3NLwyaorszkCV8U",
        "12HrgryxG55ZXLTk4yZGmU4yCeC6hxyYTT",
        "1i7ACCKtVZtBfB2h3gnzcVCDyLZbsjFsF",
        "18WZkuoQspjNiyiGWHPLXpM2Q5t8KWscvq",
        "1AoAiriZEPdCbTPqBPav2bKbMepLTpHtd4",
        "1MMxUsAm7QDXvYeweEmsrmRoMZURQSbsoY",
        "19unLri9LWQm96aQh4fTcMPchnzpCN2a2L",
        "1EuWMQAF6ndVVfW6TZBceUN4scdYu9aA6V",
        "13SmkKPBhVnFWJp4bGdZzCw1v445g8TS7P",
        "1FfnbNYG3wTCXUWT2Giq8yFWVJzZyhnreq",
        "194thgpFJizzhzyUQXsU2Kv25KZ4wsYs9d",
        "1FkU81e2N8o2zQpScGzuP4p6CzRALoMsry",
        "1C7pRQdeZzmeWhwySEdyWEc8EsFPrtM9Wu",
        "18HjmRLRw4F8odkg7PcmCw8MsvEYcGPMTX",
        "18uRVCp5zv1D4e2nceHoAEED2z4wegC2T3",
        "14FPYsUmwNGSpqUQPgNWstrXvJuhpnMrwJ",
        "1KmW68TNfBGK5bBuJNqe1DX6M5GiAw1ose",
        "15uiCYZcoDVZumy1UTxar55uNEWmmhMXYb",
        "18MQ7KSsZECrrwkp1eW9EhqWsfwJddNooQ",
        "19kFc5wXf4kLn21Fdcr511NwqUKkAVJEKD",
        "14fSeE4WvZTMrUxVMzxaUD7xNkjGHYLutm",
        "13kpoftF69DQEJHkau2Qvogr9Dkfjw4cPD",
        "19saKEY2dER7JANfrj5qddBS8Du4GkCxMQ",
        "19oHWPtyjytpvuBHKNpyU4MPQV6u2jcwSR",
        "1AtNW5NkDf99LELcjNMdZoagJ11XntbVDp",
        "1Bjqn1p4MhRNoCAnZimC5AsYXQLnqaniyv",
        "1KGBmJGccJa2ek1VkiMWQm5BSYKUHAsQpE",
        "1NnN6MoHnEXLZYeiHUoNWksbBKfMTxPmVZ",
        "1LxkmrCPdA8Va6re3nysaw5d8on2uUsCUo",
        "1427xpocoTGeY2V3PLCvLEFjShtGcYY8vJ",
        "1PPY67QJECVdMBUt69WQbxscB7qZu3Sbju",
        "128ANbJcpEZr2xw8Bi7sdLVrnKWQqvogeL",
        "1MFpP7Q1NRQ6Qd3zaNH723Fe7ycmS8ZLhH",
        "1BctnZqMP1jh2sCuEZsDN7cRxbs63ctMzY",
        "1AzmPaP6gUWWrE3DrHcnGZZ2DJKS9sBjt3",
        "1DnhrYG3W5a8miuQmYANjBoGMrNRQWfbTz",
        "1AenT59ks2kRk8Frzf49cKrgadoVrRcAP",
        "12YZT6pkhfqtapvQ4BsGvatzfQ1u9a9S8w",
        "1DZa8aUdnnk6NKK9wJwMBaPUWMe1wYJi4D",
        "15GXjpdMEspD5L3YuHwy9fhPvxQHAcpXNX",
        "18xci9G1R7b3MPDNkqv4txbXbkzNQmWc2g",
        "1DtKewQrJ3eGJC9UGHEQqsGY7nnZTzCNTW",
        "1DXMqW1eJrmNAwPTf4t2uDUgFk6pRpmqXe",
        "1G2eDJ59KJr81fge4BLy89hrGvbRZQ7PxJ",
        "1AA3ZoUasqRas148NkWSPw85ErNhMmBa6J",
        "1LGBByLPvCiGb4QFHKDSiwvnfsy3RhEtdf",
        "1KyAnVn7rDdbX6nDsftCU6XXetJs9LQBgd",
        "1GReBmZV9Py2utXQVd7h5CFFBd3VFYdWXZ",
        "1GCFK3Njqur6Xp4rd7zuiMEMGVAT46yfva",
        "1AaKnaazX2XFbh1Xkk8TraUwAhCLpCQBHn",
        "1AgwdppPLBRrA2kzs7v5z3XtZFrwZDTWFS",
        "1LXxywMC1VJ26AAi2CBPh1kF2oQ26JDGXt",
        "1FebHGhEZRsXarV3ydN1q7hVQg1XcqvWgs",
        "1Cp4yhUg81iZKxBudgRJDoJ4g85heM8gTQ",
        "1h5iwBG7K4qs2ZeFeX3y5EsESyBbC9Y6E",
        "1FwLY75G4uApk6M1F9of4f9fzdegijUsvM",
        "1NcUPsYvzW1VYehuRch7Y5zWhjXeLv5DzG",
        "17ZXKzEGHLRWsSpCVg9zzcD7X8AxaL37gk",
        "12Rnp1Hy2JdH3iCDrQjU9ziezxBLYsUt3Q",
        "19Krn8DDRF8WhKu71Ts9caxqT9fbe3xkpx",
        "15ickvRAHqkiFFjMa3QTMK8CJwFkBKVuPJ",
        "1MpEdZmyEvL5jg44NqPf1c2pvqrQvuH5yg",
        "1HmRoDkQhrxURTpQhqv2gnkuNtiVTZ62JH",
        "1PCDufutY6DvLi7rNdKwqfmCMSf2yo184D",
        "1MQGsCZuHB2WVBHztxQ2zB3tMBzgxbJ8jM",
        "1EDntg3S9ekCYmGCiRugUw1pUapruifLPo",
        "1FRrqaNLpwC1Bkv9L9nFrRBqFNKdn1w1bd",
        "1KDyG3EFnjCFnPtVVFiZECoBVmNKrPre9Q",
        "1DpPtGo9DUGyhmHAU6fGp8FhWK6fSwCukZ",
        "1M181V4a2pJTmEWpNaAVZjyBkuZMHeN29C",
        "19fuXD3zZVgMyhkArC8v3CX9yTGHi5KaBz",
        "13NuRdXRP4eAnicpaxQa7GVTnQBTEEabDL",
        "1HWmaprNLDqY3BXaFNrmdcs5Ti8t6CEcFz",
        "199TJZ2myQgPQTY7AXvt8CyMW6S76c45v5",
        "1YBcXtWPRqAHkaGT3wxdAQmox18zpfnn2",
        "1HP6U4yaYFaMNPXNz3zAudKfifcs35qh93",
        "1UYaiJ7cehao81gCwfKmy9UF64oBGPRNG",
        "1QGWYc1wm9qqe8hX2LhDdQe3B4X2PneY49",
        "1Lw8XMiu4ju4dv6yg7xBbG3spdd685c3uL",
        "157gcPbS4JW5qr8w22x2aa7zYXxXjW34AP",
        "1Mnv3ug21QY651iVrdJ7hzQh8Sdkj7RwTG",
        "13kLwZ2v2fSxDFuXsnDomX9igEsygP62k6",
        "13TSyZ6uMz73woEb8tCHRfbEwawKCSxE44",
        "1FqWy1bAtx11snvuxW6mES5UyVCiZsBoK1",
        "1GK725P6JFA8n99VMDkF56szhsmYPMFvZb",
        "1Gh448VZ3MwypAXwoh4ZEChEejbubzro6u",
        "1Pf62rmYa6qrZjhmn5SuKZdNwLRTTAVUWy",
        "1C2gUpDfjKEVnQExpdzHDdCue5VseAJmSx",
        "177MZaEQnrab1yp3RiPeLMPchKoTCFqZWH",
        "1nzEP2TUK7m1jjo597UcE79jpDP8r4yLB",
        "167TQcjqLr6kWovqAykFtvwMVe9QijPCzd",
        "1BMCz91saNr58MENJ7AVWVV9TMCZGmtvXT",
        "13p85HdE9gNC5EAUxuQti3ygzrR7oj1DqD",
        "16S646eYLxrmwaeDqeMhX3joDjhV2BDQZ5",
        "1PXjFzyCs5hbBrLc5oJ7aJeCtNqkbWZC5s",
        "1QEBUwv1dwVeVvda7xhnRWTo19tLPPq1xt",
        "1DnWGojvo3L1pGKiQTJ7dwjCiG1q5TuPzy",
        "1KnnTCzgC3KnESaKQprUYz36GdT1y7Y9MM",
        "1MjkLW1Wf14ozz9qfFqLwryexgbf5Y2c9A",
        "15iHXq71xBfx5sMSaJEZanUQkJyDkSAPpN",
        "1GdCTobFQ2MJTVMQKQUvVraDEcZ9EyWsfE",
        "12egQX2QCp92J8PgQETqLm1yuSB6T2jKiA",
        "1MVbpYmTWGijRv6R4thFKhbDFPzGZDA5TB",
        "17nWVWDdEfCXtxJtDvYJzpgwSUpjo7B8HA",
        "1QGGazeuVVX2FwD4ci7PiuGzNQ4c6wRU5h",
        "185iew4U2CCaynoyTtuPq32u3UNKLaza8e",
        "1JYdjeerjZfHZiqH5b7Jj5rYV9797UjUZM",
        "137PcUHkgfCD2S1rWVvQSLJpbh47XSEm2d",
        "1HRVUgQjnRk6DRSbv4iDZ9vyzWwSPmEJRE",
        "14cXaskkUCfpu4BmdasVtL6A7QtG6SZFVw",
        "1Mxs5wFRbn7R1c5tRrSjpTUdYc5atoiGjX",
        "15nBEQ42X2iUWxV8nULM9rmmWctN9zvZau",
        "1Mkxwo7wsq7vFW1s9CNZgFzoDCX4KARpwp",
        "1FtHjitVsW8JE6CzhDMTbcTfD7wKNnwZzb",
        "12YGgCL1Pudq4UGm91KDga4LZCMELEou4p",
        "15dc9FDeGveAJmpiGrQDKpCR8ESnDaEPzA",
        "1E21YF7N22YJ1o9gpy5bjiHh7GDXBWD5cp",
        "1D6qiUSDk2e2hdVZenhcdLReJR8kcqb8Hq",
        "1mti92ePrcaL2j6T92GkznBEUPhf6tQCi",
        "1H3hzKSK6ATUgvyFH3iaUwwvx6mA4R3B91",
        "148BxwPdCrX8gtMey2b5bmV7hfQDbMgZ8g",
        "1Fdumwb9QsqTgwJjUtACvWnC31PZtDCoPt",
        "1MgCicBJvM6HxVKpwMKNzpaXLXNSz7nFFk",
        "18VkyYN4zrNNJYdBLk4f3KD9dSEHZmzVpd",
        "1LJU7SLV9Fs5LeRb1nkd4R3TnCZbMYBhUz",
        "13T37rdZkAprKLzHQc67qaqxT6FBsSj5Rc",
        "12XizQm7Cj6yLzJTfdpSQtwJg4QUzMK4yz",
        "14PE4wsY1MXjkgzoohWHe1ripHzGotsA7S",
        "1KsJJqAf8wd6EmAYwjtvtKFKcnVzwECgYa",
        "1By4jSHi4ziNpRidkPMke7NVW4YtdVRzmt",
        "19PqsrPUe4kWtECHdUag3hkzaNk2gQiDVH",
        "14EqwevZU7TzWjQWoxwVvBDtuNGyAdf7LA",
        "1KYvk2iZYFJundNMv29P6fEDLGbRRkVC8G",
        "1LQ3SufUKyTRhk3wBYuSU2aad4E4dxinu4",
        "1D8DRM5o4g2HFeMa3rPGQWYZsPQyiPngzZ",
        "1J9rXSeT547TRrLM65HCa4gPhGFGnhudGJ",
        "16TKnryZDfxQR6BbXj64i7po4Q4vCpCzD6",
        "1C3PPgwANpZcPrVsJxoYVzBdG2LwwaYGnY",
        "126RenaTVmxVLFuc5DAP7JXSxw41AprMX4",
        "1NcMM2AUYUwQHz2LQ7uamNH2ouwCptxQET",
        "13Q6QWg862wTea6g78a2LQhvQ5GAPP7qJg",
        "18i512n6v7Rg2jpwjNUm87vZVdfJnGMPob",
        "1BuW6KGA9T9qSZD6WbpfRQoJWFB4oeiPj9",
        "16PvrGcvYgaC96v5ecRxTrg5GkGYo5sDpL",
        "17ma9PrH29vzHSsAokfznz9DYQVJSRhDvB",
        "1M1GAeH44VLX4QwAJf214DUZHA3bQYkAVy",
        "16n1FLhzMWmdgddc5BiHzyFc4L6jmPrB6d",
        "1MBBpDWBrR6REn1JUzfAfyvUC3TkoaMu7U",
        "1YNwHwd9ggRE2ypET8EVBL8UDpE5Dp7H4",
        "1PgK1uP2shjyqcQHy4cWfyxjXacUhyeLbX",
        "1KHoP2d7EyndCitAKfv25wqi4B3gA4EuU9",
        "1HYa6e2HpD7GXC3UyrNEQeKjAwrFPxWbLA",
        "1CcRuPoHB1iQBB7WydT4hXRsEWdjie75ie",
        "1EULYhcKdwYP2YjYfnrkV9BkqaRPnv3MDc",
        "18pSyPB9d2ZYXCgGEhH5c9upfmzwi5Wq7g",
        "16a3Q9tCh5Z47jmPpHheXxwLWgvQdummov",
        "1Cj8BTDLRLrakHAACyW1xFGGPCoa984SSW",
        "18SWQr4TY8UeN3g7GnqWTa4YSU7KhiZzf6",
        "1obHfKYuGgCbCFxrCPFk1XSzbEJbPkc4v",
        "1M8baHMgNzh1TEnwvGjMQNc8FRns1GY4Gx",
        "12AxsysoGN174YLybbUYnnwFacZvzwAX6E",
        "13iF9E5HkMbocAbzBh5VeyFKUmxk1R81f9",
        "1NLudczmv1BkTTfhNq2i4J1AXNcd3RkHzT",
        "162zwrNjAw2YAtvSBwDq4ziwALdnsv8YuN",
        "1LQGgGCsgEor7ddT6upT9K55TAAQgqPCue",
        "14v1da9CKznri5tjCE6vCmZZbqqc18CpK5",
        "1JHof8JRAcT5bU9mEmY9rHLWUx9efS6cQJ",
        "1J6i3Czm29MPej2ucKQ8u97WTaTqRSU57G",
        "1YWi36rWgs4QT32x1mj1YS96LsSBQYYKr",
        "14vRnLAW4QqDRTdsamPhQXHXLpzwF68wTf",
        "1364s1i3J9VCHbFVRyj8otubhHm8yERJPN",
        "18QkE39nEpoyxuycq4fGxFZUimCfWGvC4",
        "1PDUxzrgprkHfFjLvL65vnSQKXozVcnssX",
        "14ULgbCq9vENCfHF7L1p9rtzN9EmUZZAyT",
        "1BJ5yX91VRd9pPd2WYKh6qnffoNqmxVUD3",
        "14So9YTmCJs6mHEdiz69wvG99ikvj44A1q",
        "1PfRcNWN5YZ6n8qxWAxDVYzX3nJfw61Kt6",
        "1La9Fg2wemkUZAdK8sJc4FfJ41sy9QMCeK",
        "1L8q5P7es4ThBgVZX2oNyQzqsmpXgDYbUT",
        "1AQV7ahP9xS21A2a5xZqMbYD4Y3TkZVBEG",
        "1EbSecke9qD74wNu6wdRhBxMUL2Jkmp8zJ",
        "15wJkh4m6eHUoPmjoCbQCzREiC939jc1w1",
        "14Di2ujxqK7VY5M7DALpADZz5Eofg4Fxav",
        "1EPoTHKLcMEHXJ5qGDdGyNbDKRMFFWTGzS",
        "1PzxyieAQaDtUssXjzD81TTHnaeUm9nGbf",
        "1PTPj8xL3sTrR5oAGC6fcm6EG7n4wVwPt1",
        "1ZLo3nsjbtLdYDkbaicv6AJSvL3dyr1Lc",
        "12rqGkk5W2kUQsbHvJu2H71J7YJzSvxwca",
        "16dCNyLBPFtCvtGdbQ4k3dmZ95haCVQ6SH",
        "1LYLrzeh6gMtfDefyMa6Qg3JN656RAUpVB",
        "1L3P3PrNhi6nPX8FHU1awZDgcY8jWZfmvC",
        "17PWmcjYhHgR7eXZSLJHF35DaTH22g4j9t",
        "15NyXtJqboxDxD56FGvUHss2Ck93Da2Lrh",
        "1CNPfZ9qffZCG1XCV7pUBBU3GDgbEoeyxo",
        "1BQhurywUsHVLE1sReZgS9wW5C36TGJD9f",
        "19Tt8EEAHajkaeYsbjLEkK7U51TcXxBvFN",
        "1LiuzLuPoGMgSrgtfwJWg12Mvwe3m7W2Wb",
        "18Y1eadMv58V2dAmNKDBFsGDemYBuAHWaj",
        "18GRNroCR94ehESuAY2qWTENb4ovxRbApA",
        "16VcBd2mFbPBrQimK3RpbQxdXFFgNrnGqp",
        "18tiPo947QncurSxnWPG1k5QWkoQEYqotH",
        "12ejgygsCrnjsTNMqDpkBvKTsGj9GSMVU9",
        "1P8aDjL4ykghmTYxRhLiUDH2h6a79HMtVD",
        "1NCYom3upB8u5qtrzLHfm3Y953Y6QKTKWR",
        "1CTx1iU5G4eK8jtqeeP2V7EJFEbDLUvTf3",
        "1KAahgBiqhMcmQ9DrrhAiLq1iD8dWdacQQ",
        "15HybvkGDYFM4neyvF1aidKBT43FgrtzjA",
        "1K2j7MhhyK9C6pH34qojGaXLiexQfnRrVX",
        "19kpfnHJ69obtBV5vKwS4hAtc4ZepRymNn",
        "1JGZ6hzdJHzHF8RUAeTTzAFr78WRu2FBKg",
        "1E68uwNu9aDqnzSAPbq5WVL6WDeZcRhXHr",
        "14R6c38X1syLXs9bBNwtFcYLhqrXMjB1hp",
        "1KVqCW2rvNmXv3YFfa5ptugS6iNzoGAab4",
        "17zkruSaqw3DoZNygRKfRQPYiSv8sRVAAs",
        "13XaD3chtyK4zLr3MNSz4Q8qbPHjai4HZq",
        "1PLUnxfsmudstT1uA9DKV9aEjkNEQr72dd",
        "1C6bXSAZwV8XyeX2ZEpdrX6Ph3tD6XxkLt",
        "1K1BtK3vUbQqJkqsR4YigujZtjGSGE8Ysn",
        "12U6moX7mNxT6DjcSB568q74qfwdev3NjQ",
        "1BYNKLDkNAZLgpEj3mQqmCbxj5zQewHSo8",
        "1BhrPc9ggKC8VJtDYEHPnJr1pxSjuPdVuZ",
        "15UqRVxmcL24ejt8n2WvhtZ19P5NrrCgnQ",
        "137KZyJZ1Jfp5fqKYAqwP6weqpD2PGPeZm",
        "12dJiSBZFs6TcWWoiMrqvLobqekf2NSbqY",
        "1EiqiM8iF1DtQmqUTbPczqJvVY83dokx4y",
        "1EWkXay3xjrFHmEGNbbMRfcgqGX88ZFM43",
        "13MS5GLKjrTkLkzDjaVunZdtnoxTZiywVR",
        "1NrhQBuWJo5Rj6BL7sDEMo85MCPCyXbu8k",
        "13MNXRNdutsikJ4SY2ZrAbn5LUUVyQpock",
        "16PdYVjeWWHzWX5nHhZXUuYub6rJQef6pe",
        "1DdRJZCyTuN6Z89QgQpyK7cb4vLhQ2ttGK",
        "1eUmUmVMRfpX3P63gfqoQtBZnivWqYatk",
        "1NBGpFFQSjAepH656iDykbpdbcYe31QnDz",
        "186ASXKbXsTbf34k1rjZo2yji7tz2xUtyj",
        "1DXH1B9YW8PrsLSJywGeseF88hH4L3i4iF",
        "1FHLwE5k1iCpqnwnUGYfdASjHpQwrg4cLQ",
        "1NAKaxZP7kjgfnDaznUiqxnwqWoDBqcLof",
        "1KgDo1YNwAyZz1yoT5HAptBDJuqNvcXLet",
        "13ue9jpT2HXi6ogBTpnPY6diPtTUb5eWDG",
        "12k5tosfKwgnfgKBgMVbn85DX8t4Ltr8hZ",
        "1PniaJ58ocQtgmVpQK49Kk4FxuxSU8wrj6",
        "1MTJjpWFEKfsqtRgMT3xvPMkxZEp7wT5bH",
        "1FrEQZHsQ2jjLGBSCNmVVHSKgGd4ztwpTA",
        "15smrqkX81VWjgWv6ZYs4Exn6Xcub6EWCW",
        "1GcHcH44Fx9UVL61ddnr2pBRC9CFhBrKTp",
        "1Kuq4vt1dm9P8Tp3SUj3XtQwpVDoth8ngX",
        "1Ppn7zJ1wyLduxm6CLdRwydbrWKoTpJZCC",
        "1BG1nhgtfwVrYEcVYSYHwDP3RTyEdoMMz2",
        "14AVTuo8pDf9vsZY4uBYmJPk9SbcWjU4bK",
        "1Ni9rSAytY8Ar59NKCAYwkQSyArcdnMR8e",
        "1GAVBmn1KwXV6hFrs4EZrntMZ6MLbJHTgJ",
        "1GryFAqh3xDPBM9tLZmkHs2je1vcvkFDhY",
        "1x14rpfjSMzAiYMyY1zsfCN6oqBacoNsV",
        "1J23DWLT94WQhehVmmrc3Fqh6fTdLdKbYQ",
        "18wUjZbaoSimWfLWiFzxUqBB5XSWV6rwSX",
        "1AXHR8mZ4RiKuqCCYFBakV5xRBg8AUc13J",
        "1LbPnKXnTMq2yuVXE6BYqPhhn9PApZm8UW",
        "18Fw6suhts6kACHqP2j1Zw62er36z48Uzp",
        "1E8isg8vdPyUuj2zWqMTP5YNYoFJE6ar7y",
        "1GeHCUvFhJA8ieg8gcxk2ac8rCQ32sNwoP",
        "1AK8U2b9tCTeXduBeSbJBX1NAnamheVY4h",
        "1L4GDjDZECxcuHhw4DfRwEbFNSVLDZoAjg",
        "1GzhjwvLhNRS6j1qptjnYDkjUGo6nUPzwt",
        "13g5w6kEKNuQ6qMocpHYNATEpKk3LL2bSR",
        "18YfGT8ay5o7XL4bf6bSYQWNKscQuadhYV",
        "1P7PZFCnmLEEii7ej7MDEjHVwAN9Mb3mAv",
        "1FA8PqEBY9WweMw1SF4ax2q21LPCWk4cVP",
        "14iPbydKqR1Yo2V5qcpthosN3UB2WidBZ4",
        "1PNiyPAtwmWJZm32X5TQ3WdnomhtLJ5Kw3",
        "1AMvp12b9GE7LMYkbtxaotkE6adGfGkMYv",
        "13zafjrvqDPPyxZs5PUEyveahLKJij4hfP",
        "1AmS7NEUmReS3tfZbzPtr45TFvfrtBUL9A",
        "1Jniiyub93ggNJBFAd7JjVJNnhdmt4j5Ru",
        "1AHXMppxBQDr5ZfCcj3oqJCkWhbR7NuakB",
        "1FWUTU7XnXAxzQsHWaCTRU5n1dtVaS6xMN",
        "1N6621dsmPGSnG2EfX2MGjNVtGQxgNNN3W",
        "1Bs9QzFuyCfKEYzCDubTPhJm5w12YhstM",
        "114aPUV9SABhT7opWdKJDxHuKxjqGqK5tx",
        "1B2b1qAkpPvwUX9ZdtLRpNeDv5xD342nvJ",
        "1LCwtDSXYGiQPeFPuv3rPhecUBMcgXSvYF",
        "1K2pW1nYE3GwRnux1BmUiUQah35e5tuuzq",
        "1GQ5DKqUFdVwyfAAorryooRnpZWgRLFZWp",
        "12Wf7GMhDi4YsZnSoNrJkCpRLiBT7GgHBh",
        "1Mg19hGvUWQMBhBKGuU8vnRwdECcAmAB6m",
        "1DmQkCz42uJiJp1bfKZkdTZ5awdnTjjdnj",
        "1Aszb9xAtwAebmHXe1p6fUkfT75T1Cs45A",
        "1PVSefEbqKFeN9DeMN6JPNgiLAkNKBJJQd",
        "18DNHfADxHDbxYPQUaQK5QYRWaFKu3cbTw",
        "1BsAhTmsaoasKsznq8SqmddCs2gbVgqGUz",
        "1CEZX1ScomasuDCV4j7f6VeFRX3dnmtFfR",
        "1A5bnY8TzeMPSsREXEhEmUBeHfXhzAWjSy",
        "1AZ7H2nkUrbAvjKQYunqbetsCPFJiQeEZV",
        "1KNXqTTqRJ8HvMh3GHsEduG7eXNPjDE1FP",
        "143xhXHjgmkbRZikCPyxfjBvFrfhCKzadw",
        "1E6GtnE3HnjbqVgZBMsmz9AidsB79vKfkr",
        "15wZiCjJbK3oP9SueDFfpmxcfvA5HmeKsX",
        "1Ew13ahKdkDAHKadP6UfzmNdLjAMGqiHLJ",
        "1HBsG41BqfhztQGhuF2BpuMjw2j5jW17dh",
        "1GaHW2CBM5DzJM2Q15TpXy7BuQSVyFPVfH",
        "1JHAMEuWEdAsQewggU2fKSgfpXZYsma3gA",
        "1DYrXrygC1oryuDgkutoaPncPCN8gtjM95",
        "1HnL8U97E56hVQf79a3ZeX4RbePRSrAKKc",
        "1CGZibLSfZ5w8socXb3Jd4rCMefZ4MqTP4",
        "16WuQ71zXx3rfa5TV7fWE9qDLCMHqexq1t",
        "14LBPZHFnunJ2EUPavJnQhhSgQsPQHtVbc",
        "1DX1e6dSYtqoo28Q4PeAYGAu6EcY26wBnn",
        "1GpnsFkoNi8UxJirdvkDjLjnpceQteniMq",
        "1BTBBNaa2SKu3nCy5WxuraxiDXY2qGLqrR",
        "1Hyy12NmGvo2cnqCK78sYfKewHLZDap11q",
        "1936HLyvtf3Tjk3NNuZpqu83jrnkzH4iey",
        "12YUrgvft3mwC5wn7ZvXXKY3XpLMcqCbg3",
        "15ZahRrUEHuTRGuFa8wGAnSWBvis5wGzfp",
        "179r6GSQwE9b3TWiMTCvm3STDKNMhpBmgG",
        "1ALpx3uUxAHKuNM9Loga2nHFeFNv6bT7e5",
        "1H66B3c4PydzUCtjQtn7bi65Xyc8xYdxZB",
        "1DLp4xP6BEab7SGJhxUPnb7SsqRXqNLCe",
        "14K24wfTLrTm4h5evqgnFrBd5wPEdpqVMf",
        "1EH9uUkTk3hGqQHiUGqxpNku8wfYYRNfM"